Text,Sentiment,Confidence,Translated_Text
I love this product!,Positive ğŸ˜€,0.62,I love this product!
"Terrible service, I am very disappointed.",Negative ğŸ˜¡,-0.99,"Terrible service, I am very disappointed."
"Itâ€™s okay, nothing special.",Positive ğŸ˜€,0.43,"Itâ€™s okay, nothing special."
"Excelente experiencia, muy recomendado.",Positive ğŸ˜€,0.58,"Excellent experience, highly recommended."
"J'adore ce produit, il est fantastique!",Positive ğŸ˜€,0.5,"I love this product, it is fantastic!"
Das war eine schreckliche Erfahrung.,Negative ğŸ˜¡,-1.0,That was a terrible experience.
"Could be better, but not bad.",Positive ğŸ˜€,0.42,"Could be better, but not bad."
Absolutely amazing! Will buy again.,Positive ğŸ˜€,0.75,Absolutely amazing! Will buy again.
No me gustÃ³ para nada.,Neutral ğŸ˜,0.0,I didn't like it at all.
"Service was slow, but the food was good.",Positive ğŸ˜€,0.2,"Service was slow, but the food was good."
Iâ€™m not sure how I feel about this.,Negative ğŸ˜¡,-0.25,Iâ€™m not sure how I feel about this.
Worst app I've ever used.,Negative ğŸ˜¡,-1.0,Worst app I've ever used.
"Muy bueno, me encantÃ³.",Positive ğŸ˜€,0.8,"Very good, I loved it."
"C'Ã©tait correct, sans plus.",Positive ğŸ˜€,0.5,"It was correct, nothing more."
Great value for the price.,Positive ğŸ˜€,0.8,Great value for the price.
Nie polecam tego produktu.,Neutral ğŸ˜,0.0,I do not recommend this product.
Fast delivery and friendly staff.,Positive ğŸ˜€,0.29,Fast delivery and friendly staff.
Demasiado caro para lo que es.,Negative ğŸ˜¡,-0.5,Too expensive for what it is.
I will recommend this to my friends!,Neutral ğŸ˜,0.0,I will recommend this to my friends!
Not worth the money.,Negative ğŸ˜¡,-0.15,Not worth the money.
